{"cameraMode":{"drawMode":0,"name":"Shaded","section":"Shading Mode"},"sceneLighting":false,"audioPlay":false,"sceneViewState":{"m_AlwaysRefresh":false,"showFog":true,"showSkybox":false,"showFlares":true,"showImageEffects":true,"showParticleSystems":true,"showVisualEffectGraphs":true,"m_FxEnabled":true},"in2DMode":false,"pivot":{"x":0.11095994710922241,"y":0.8127899169921875,"z":-0.04386898875236511},"rotation":{"x":0.09191717952489853,"y":-0.45930543541908266,"z":0.04784382879734039,"w":0.8822218775749207},"size":1.5502983331680298,"orthographic":false}